{
  "version": 1,
  "author": "Anonymous maker",
  "editor": "wokwi",
  "parts": [
    { "type": "wokwi-breadboard", "id": "bb1", "top": -89.4, "left": -83.6, "attrs": {} },
    { "type": "wokwi-arduino-uno", "id": "uno", "top": 192.6, "left": 105, "attrs": {} },
    {
      "type": "wokwi-led",
      "id": "led1",
      "top": -51.6,
      "left": 99.8,
      "attrs": { "color": "green" }
    },
    {
      "type": "wokwi-led",
      "id": "led2",
      "top": -51.6,
      "left": 147.8,
      "attrs": { "color": "red" }
    },
    { "type": "wokwi-7segment", "id": "sevseg1", "top": -23.82, "left": 245.08, "attrs": {} },
    {
      "type": "wokwi-pushbutton",
      "id": "btn1",
      "top": -10.2,
      "left": 377.4,
      "rotate": 90,
      "attrs": { "color": "red", "xray": "1" }
    }
  ],
  "connections": [
    [ "uno:GND.2", "bb1:bn.50", "black", [ "v28.7", "h263.1", "v-297.6" ] ],
    [ "uno:5V", "bb1:bp.50", "limegreen", [ "v38.3", "h282.2", "v-326.4" ] ],
    [ "sevseg1:A", "bb1:36t.b", "red", [ "v0" ] ],
    [ "sevseg1:B", "bb1:37t.b", "orange", [ "v0" ] ],
    [ "sevseg1:D", "bb1:34b.i", "purple", [ "v0" ] ],
    [ "sevseg1:E", "bb1:33b.i", "magenta", [ "v0" ] ],
    [ "sevseg1:C", "bb1:36b.i", "violet", [ "v0" ] ],
    [ "sevseg1:COM.1", "bb1:bp.28", "limegreen", [ "h0" ] ],
    [ "sevseg1:F", "bb1:34t.b", "gold", [ "v0" ] ],
    [ "sevseg1:G", "bb1:33t.b", "blue", [ "v0" ] ],
    [ "bb1:bn.15", "bb1:19t.e", "black", [ "v0" ] ],
    [ "bb1:24t.e", "bb1:bn.19", "black", [ "v0" ] ],
    [ "uno:3", "bb1:37t.a", "orange", [ "v0" ] ],
    [ "uno:2", "bb1:36t.a", "red", [ "v-249.6", "h-63.1" ] ],
    [ "uno:4", "bb1:36b.j", "violet", [ "v0" ] ],
    [ "uno:5", "bb1:34b.j", "purple", [ "v-76.8", "h-5.8" ] ],
    [ "uno:6", "bb1:33b.j", "magenta", [ "v-67.2", "h3.7" ] ],
    [ "uno:8", "bb1:33t.a", "blue", [ "v-48", "h-47.6", "v-201.6" ] ],
    [ "uno:7", "bb1:34t.a", "gold", [ "v-57.6", "h-54", "v-192" ] ],
    [ "uno:9", "bb1:25t.e", "cyan", [ "v-38.4", "h-95.2" ] ],
    [ "uno:10", "bb1:20t.e", "yellow", [ "v-28.8", "h-133.7" ] ],
    [ "bb1:51b.i", "bb1:bn.41", "black", [ "v0" ] ],
    [ "bb1:49t.b", "uno:11", "red", [ "v-19.2", "h-28.8", "v288", "h-124.8" ] ],
    [ "led1:A", "bb1:20t.d", "", [ "$bb" ] ],
    [ "led1:C", "bb1:19t.d", "", [ "$bb" ] ],
    [ "led2:A", "bb1:25t.d", "", [ "$bb" ] ],
    [ "led2:C", "bb1:24t.d", "", [ "$bb" ] ],
    [ "sevseg1:COM.1", "bb1:35b.h", "", [ "$bb" ] ],
    [ "sevseg1:COM.2", "bb1:35t.c", "", [ "$bb" ] ],
    [ "sevseg1:A", "bb1:36t.c", "", [ "$bb" ] ],
    [ "sevseg1:B", "bb1:37t.c", "", [ "$bb" ] ],
    [ "sevseg1:C", "bb1:36b.h", "", [ "$bb" ] ],
    [ "sevseg1:D", "bb1:34b.h", "", [ "$bb" ] ],
    [ "sevseg1:E", "bb1:33b.h", "", [ "$bb" ] ],
    [ "sevseg1:F", "bb1:34t.c", "", [ "$bb" ] ],
    [ "sevseg1:G", "bb1:33t.c", "", [ "$bb" ] ],
    [ "sevseg1:DP", "bb1:37b.h", "", [ "$bb" ] ],
    [ "btn1:1.l", "bb1:51t.c", "", [ "$bb" ] ],
    [ "btn1:2.l", "bb1:49t.c", "", [ "$bb" ] ],
    [ "btn1:1.r", "bb1:51b.h", "", [ "$bb" ] ],
    [ "btn1:2.r", "bb1:49b.h", "", [ "$bb" ] ]
  ],
  "dependencies": {}
}