{
  "version": 1,
  "author": "Anonymous maker",
  "editor": "wokwi",
  "parts": [
    { "type": "wokwi-arduino-uno", "id": "uno", "top": 0, "left": 0, "attrs": {} },
    { "type": "wokwi-7segment", "id": "sevseg1", "top": -139.02, "left": 120.28, "attrs": {} },
    {
      "type": "wokwi-led",
      "id": "led1",
      "top": -157.2,
      "left": 13.4,
      "attrs": { "color": "limegreen" }
    },
    {
      "type": "wokwi-led",
      "id": "led2",
      "top": -99.6,
      "left": -34.6,
      "attrs": { "color": "red" }
    }
  ],
  "connections": [
    [ "sevseg1:A", "uno:2", "green", [ "v-27.96", "h76.8" ] ],
    [ "sevseg1:B", "uno:3", "green", [ "v-18.36", "h57.6" ] ],
    [ "sevseg1:C", "uno:4", "green", [ "v38.4", "h67.2", "v9.6" ] ],
    [ "sevseg1:D", "uno:5", "green", [ "v28.8", "h76.8" ] ],
    [ "sevseg1:E", "uno:6", "green", [ "v48", "h67.2" ] ],
    [ "sevseg1:F", "uno:7", "green", [ "v-27.96", "h-48", "v105.6", "h105.6" ] ],
    [ "sevseg1:G", "uno:8", "green", [ "v-8.76", "h-28.8", "v134.4", "h76.8" ] ],
    [ "sevseg1:COM.2", "uno:5V", "green", [ "h0", "v-56.76", "h-192", "v422.4", "h201.6" ] ],
    [ "led1:A", "uno:9", "green", [ "v0" ] ],
    [ "led2:A", "uno:10", "green", [ "v0" ] ],
    [ "led1:C", "uno:GND.1", "green", [ "v0" ] ],
    [ "led2:C", "uno:GND.2", "green", [ "v0" ] ]
  ],
  "dependencies": {}
}