{
  "version": 1,
  "author": "Anonymous maker",
  "editor": "wokwi",
  "parts": [
    { "type": "wokwi-arduino-uno", "id": "uno", "top": 0, "left": 0, "attrs": {} },
    {
      "type": "wokwi-led",
      "id": "led1",
      "top": -176.4,
      "left": 32.6,
      "attrs": { "color": "red" }
    },
    {
      "type": "wokwi-led",
      "id": "led2",
      "top": -176.4,
      "left": 119,
      "attrs": { "color": "limegreen" }
    },
    {
      "type": "wokwi-7segment",
      "id": "sevseg1",
      "top": -187.02,
      "left": 72.28,
      "attrs": { "color": "red" }
    },
    { "type": "wokwi-servo", "id": "servo1", "top": -203.6, "left": 230.4, "attrs": {} },
    {
      "type": "wokwi-pushbutton",
      "id": "btn1",
      "top": -89.8,
      "left": 67.2,
      "attrs": { "color": "green", "xray": "1" }
    }
  ],
  "connections": [
    [ "servo1:PWM", "uno:9", "orange", [ "h-28.8", "v115.4", "h-38.4" ] ],
    [
      "servo1:V+",
      "uno:5V",
      "red",
      [ "h-38.4", "v124.9", "h76.8", "v67.2", "h9.6", "v153.6", "h-9.6", "v9.6", "h-105.6" ]
    ],
    [
      "servo1:GND",
      "uno:GND.2",
      "black",
      [ "h-48", "v144", "h96", "v57.6", "h9.6", "v163.2", "h-9.6", "v9.6", "h-105.6" ]
    ],
    [ "sevseg1:A", "uno:2", "gold", [ "v-18.36", "h67.2", "v172.8", "h67.2" ] ],
    [ "sevseg1:B", "uno:3", "blue", [ "v-8.76", "h48", "v163.2", "h67.2", "v-9.6" ] ],
    [ "sevseg1:G", "uno:8", "yellow", [ "v-8.76", "h-48", "v182.4", "h144" ] ],
    [ "sevseg1:F", "uno:7", "cyan", [ "v-18.36", "h-67.2", "v182.4", "h172.8" ] ],
    [ "sevseg1:D", "uno:5", "purple", [ "v19.2", "h-38.4", "v67.2", "h153.6" ] ],
    [ "sevseg1:E", "uno:6", "magenta", [ "v9.6", "h-38.4", "v76.8", "h163.2" ] ],
    [ "sevseg1:C", "uno:4", "violet", [ "v9.6", "h48", "v76.8", "h28.8" ] ],
    [ "btn1:1.l", "uno:GND.2", "black", [ "h-76.8", "v307.2", "h182.4" ] ],
    [ "btn1:2.r", "uno:10", "limegreen", [ "h9.8", "v0.2", "h9.6" ] ],
    [ "led2:A", "uno:11", "orange", [ "v0" ] ],
    [ "led1:A", "uno:12", "orange", [ "v124.8", "h9.6" ] ],
    [
      "led2:C",
      "uno:GND.2",
      "black",
      [ "v28.8", "h58", "v86.4", "h96", "v57.6", "h9.6", "v182.4", "h-9.6", "v9.6", "h-115.2" ]
    ],
    [ "led1:C", "uno:GND.2", "black", [ "v48", "h-66.8", "v326.4", "h192" ] ],
    [ "sevseg1:COM.1", "uno:5V", "red", [ "h0", "v19.2", "h-124.8", "v345.6", "h192" ] ]
  ],
  "dependencies": {}
}