{
  "version": 1,
  "author": "Anonymous maker",
  "editor": "wokwi",
  "parts": [
    { "type": "wokwi-arduino-uno", "id": "uno", "top": 211.8, "left": 9, "attrs": {} },
    { "type": "wokwi-led", "id": "led1", "top": 6, "left": 3.8, "attrs": { "color": "red" } },
    { "type": "wokwi-led", "id": "led2", "top": -42, "left": 3.8, "attrs": { "color": "yellow" } },
    {
      "type": "wokwi-led",
      "id": "led3",
      "top": -90,
      "left": 3.8,
      "attrs": { "color": "limegreen" }
    },
    { "type": "wokwi-led", "id": "led4", "top": 63.6, "left": 128.6, "attrs": { "color": "red" } },
    {
      "type": "wokwi-led",
      "id": "led5",
      "top": 63.6,
      "left": 167,
      "attrs": { "color": "yellow" }
    },
    {
      "type": "wokwi-led",
      "id": "led6",
      "top": 63.6,
      "left": 205.4,
      "attrs": { "color": "limegreen" }
    },
    { "type": "wokwi-led", "id": "led7", "top": 6, "left": 320.6, "attrs": { "color": "red" } },
    {
      "type": "wokwi-led",
      "id": "led8",
      "top": -42,
      "left": 320.6,
      "attrs": { "color": "yellow" }
    },
    {
      "type": "wokwi-led",
      "id": "led9",
      "top": -90,
      "left": 320.6,
      "attrs": { "color": "limegreen" }
    },
    {
      "type": "wokwi-led",
      "id": "led10",
      "top": -166.8,
      "left": 128.6,
      "attrs": { "color": "red" }
    },
    {
      "type": "wokwi-led",
      "id": "led11",
      "top": -166.8,
      "left": 167,
      "attrs": { "color": "yellow" }
    },
    {
      "type": "wokwi-led",
      "id": "led12",
      "top": -166.8,
      "left": 205.4,
      "attrs": { "color": "limegreen" }
    }
  ],
  "connections": [
    [ "led4:A", "uno:2", "red", [ "v96", "h96" ] ],
    [ "led5:A", "uno:3", "#8f4814", [ "v76.8", "h48" ] ],
    [ "led1:A", "uno:5", "gold", [ "v124.8", "h182.4" ] ],
    [ "led2:A", "uno:6", "gold", [ "v9.6", "h-19.2", "v153.6", "h192" ] ],
    [ "led3:A", "uno:7", "violet", [ "v9.6", "h-19.2", "v28.8", "h-19.2", "v163.2", "h192" ] ],
    [ "led10:A", "uno:8", "white", [ "v9.6", "h-182.4", "v259.2", "h201.6" ] ],
    [
      "led12:A",
      "uno:10",
      "magenta",
      [ "v0", "h172.8", "v249.6", "h76.8", "v38.4", "h115.2", "v364.8", "h-412.8" ]
    ],
    [ "led6:C", "uno:GND.1", "black", [ "v86.4", "h10" ] ],
    [ "led4:C", "uno:GND.1", "black", [ "v105.6", "h-9.2" ] ],
    [ "led5:C", "uno:GND.1", "black", [ "v96", "h-28.4" ] ],
    [ "led6:A", "uno:4", "orange", [ "v0" ] ],
    [ "led1:C", "uno:GND.1", "black", [ "v134.4", "h106" ] ],
    [ "led2:C", "uno:GND.1", "black", [ "v0", "h-18.8", "v192", "h115.2" ] ],
    [ "led3:C", "uno:GND.1", "black", [ "v0", "h-18.8", "v28.8", "h-19.2", "v220.8", "h134.4" ] ],
    [ "led10:C", "uno:GND.1", "black", [ "v0", "h-182", "v278.4", "h9.6", "v57.6", "h144" ] ],
    [
      "led11:C",
      "uno:GND.2",
      "black",
      [ "v0", "h-9.2", "v-48", "h-220.8", "v336", "h9.6", "v57.6", "h38.4", "v211.2", "h182.4" ]
    ],
    [
      "led11:A",
      "uno:9",
      "purple",
      [ "v0", "h9.6", "v-48", "h211.2", "v288", "h76.8", "v38.4", "h115.2", "v384", "h-432" ]
    ],
    [
      "led12:C",
      "uno:GND.2",
      "black",
      [ "v9.6", "h173.2", "v249.6", "h76.8", "v38.4", "h115.2", "v345.6", "h-403.2", "v0", "h0" ]
    ],
    [
      "led9:A",
      "uno:13",
      "limegreen",
      [ "v0", "h38.4", "v192", "h76.8", "v38.4", "h115.2", "v326.4", "h-441.6" ]
    ],
    [
      "led8:A",
      "uno:12",
      "yellow",
      [ "v0", "h28.8", "v153.6", "h76.8", "v38.4", "h115.2", "v307.2", "h-422.4" ]
    ],
    [
      "led7:A",
      "uno:11",
      "cyan",
      [ "v0", "h19.2", "v115.2", "h76.8", "v38.4", "h115.2", "v288", "h-403.2" ]
    ],
    [
      "led7:C",
      "uno:GND.2",
      "black",
      [ "v9.6", "h19.6", "v115.2", "h76.8", "v38.4", "h115.2", "v268.8", "h-364.8" ]
    ],
    [
      "led8:C",
      "uno:GND.2",
      "black",
      [
        "v0",
        "h-9.2",
        "v67.2",
        "h19.2",
        "v115.2",
        "h76.8",
        "v38.4",
        "h115.2",
        "v249.6",
        "h-355.2"
      ]
    ],
    [
      "led9:C",
      "uno:GND.2",
      "black",
      [
        "v0",
        "h-9.2",
        "v38.4",
        "h-9.6",
        "v86.4",
        "h19.2",
        "v115.2",
        "h76.8",
        "v38.4",
        "h115.2",
        "v230.4",
        "h-345.6"
      ]
    ]
  ],
  "dependencies": {}
}