{
  "version": 1,
  "author": "Anonymous maker",
  "editor": "wokwi",
  "parts": [
    { "type": "wokwi-arduino-uno", "id": "uno", "top": 0, "left": 0, "attrs": {} },
    { "type": "wokwi-7segment", "id": "sevseg1", "top": -158.22, "left": 177.88, "attrs": {} },
    {
      "type": "wokwi-led",
      "id": "led1",
      "top": -166.8,
      "left": 99.8,
      "attrs": { "color": "limegreen" }
    },
    {
      "type": "wokwi-led",
      "id": "led2",
      "top": -128.4,
      "left": 61.4,
      "attrs": { "color": "yellow" }
    }
  ],
  "connections": [
    [ "sevseg1:A", "uno:2", "magenta", [ "v-18.36", "h38.4" ] ],
    [ "sevseg1:B", "uno:3", "red", [ "v-8.76", "h9.6" ] ],
    [ "sevseg1:C", "uno:4", "blue", [ "v9.6", "h9.6" ] ],
    [ "sevseg1:D", "uno:5", "orange", [ "v9.6", "h9.6", "v9.6", "h9.6" ] ],
    [ "sevseg1:E", "uno:6", "gold", [ "v19.2", "h9.6", "v9.6", "h9.6" ] ],
    [ "sevseg1:F", "uno:7", "violet", [ "v-18.36", "h-19.2", "v115.2", "h9.6", "v9.6", "h9.6" ] ],
    [ "sevseg1:G", "uno:8", "purple", [ "v-27.96", "h-19.2", "v134.4", "h9.6" ] ],
    [
      "sevseg1:COM.2",
      "uno:5V",
      "black",
      [ "h0", "v-27.96", "h48", "v172.8", "h19.2", "v57.6", "h9.6", "v163.2", "h-115.2" ]
    ],
    [ "led1:A", "uno:9", "yellow", [ "v86.4", "h38.4" ] ],
    [ "led2:A", "uno:10", "cyan", [ "v57.6", "h67.2" ] ],
    [ "led1:C", "uno:GND.1", "black", [ "v0" ] ],
    [ "led2:C", "uno:GND.1", "black", [ "v67.2", "h38.8" ] ]
  ],
  "dependencies": {}
}